company_name,job_role,website_link,state,city,experience,qualification,batch,salary_package,job_description,key_responsibility,about_company,selection_process,image,posted_on
Qualcomm,Associate Engineer_SW,https://careers.qualcomm.com/careers/job/446706882405?domain=qualcomm.com&source=APPLICANT_SOURCE-6-104,Not specified,Hyderabad / Bangalore / Chennai / Noida,Freshers/ Entry Level,"<h2 id=""qualcomm-associate-software-engineer-qualifications-requirements"">Qualcomm Associate Software Engineer Qualifications &amp; Requirements</h2>
<p>This breakdown outlines the typical qualifications and requirements for an Associate Software Engineer position at Qualcomm, a leading semiconductor and telecommunications company. </p>
<p><strong>Education:</strong></p>
<ul>
<li>
<p><strong>Bachelor's Degree in Computer Science, Electrical Engineering, or a related field:</strong> A strong foundation in computer science principles, algorithms, data structures, and software development methodologies is essential for success in this role.  </p>
</li>
<li>
<p><strong>Master's Degree (Preferred):</strong> While not always mandatory, a Master's degree can provide a competitive edge, demonstrating advanced knowledge and specialization in areas like embedded systems, mobile computing, or signal processing.</p>
</li>
</ul>
<p><strong>Technical Skills:</strong></p>
<ul>
<li>
<p><strong>Programming Languages:</strong> Proficiency in at least one object-oriented programming language like C++, Java, or Python is crucial. Qualcomm heavily utilizes C++ for its hardware-centric software development, so strong C++ skills are highly desirable.</p>
</li>
<li>
<p><strong>Software Development Methodologies:</strong> Familiarity with Agile development practices, version control systems (e.g., Git), and software testing methodologies (e.g., unit testing, integration testing) is essential for collaborating effectively within a team and delivering high-quality software.</p>
</li>
<li>
<p><strong>Operating Systems:</strong> Understanding of operating systems like Linux or Android is important, as Qualcomm develops software for a wide range of embedded systems and mobile devices.</p>
</li>
<li>
<p><strong>Embedded Systems (Preferred):</strong> Experience with embedded systems development, including real-time operating systems (RTOS) and hardware interfacing, is a significant advantage, particularly for roles focused on Qualcomm's chipsets and hardware platforms.</p>
</li>
</ul>
<p><strong>Other Requirements:</strong></p>
<ul>
<li><strong>Strong Analytical and Problem-Solving Skills:</strong> Associate Software Engineers are expected to analyze complex technical problems, identify root causes, and develop effective solutions.</li>
<li><strong>Excellent Communication and Teamwork Skills:</strong>  Collaboration is key in software development.  Effective communication with team members, engineers, and product managers is essential for successful project execution.</li>
<li><strong>Adaptability and Continuous Learning:</strong> The technology landscape is constantly evolving.  A willingness to learn new technologies and adapt to changing requirements is crucial for long-term success.</li>
</ul>",Not Mentioned,As Per company Standards,"<h2 id=""associate-engineer_sw-at-qualcomm"">Associate Engineer_SW at Qualcomm</h2>
<p><strong>About Qualcomm</strong></p>
<p>Qualcomm is a global leader in wireless technology innovation and the development of cutting-edge semiconductor products.  </p>
<p><strong>Job Summary</strong></p>
<p>Qualcomm is seeking a highly motivated and talented Associate Engineer_SW to join our dynamic engineering team. The successful candidate will contribute to the development and verification of System-on-Chip (SoC) solutions, focusing on embedded RISC/DSP processors, communications/networking ASICs, and potentially graphics/video multimedia applications. This role offers a unique opportunity to work on industry-leading technologies that power the future of mobile devices and connected experiences.</p>
<p><strong>Responsibilities</strong></p>
<ul>
<li>Participate in the design, development, and verification of complex SoC architectures.</li>
<li>Utilize Verilog or VHDL to develop and test RTL designs, ensuring adherence to specifications and performance targets.</li>
<li>Leverage C/C++ programming skills to develop software components and test suites for embedded systems.</li>
<li>Employ scripting languages such as Tcl, Perl, or shell scripting to automate tasks and streamline development workflows.</li>
<li>Collaborate with cross-functional teams, including hardware engineers, architects, and software developers, to ensure seamless integration and functionality.</li>
<li>Analyze and debug complex technical issues, identifying root causes and implementing effective solutions.</li>
<li>Contribute to the documentation and knowledge sharing within the engineering team.</li>
</ul>
<p><strong>Minimum Qualifications</strong></p>
<ul>
<li>Bachelor's degree in Computer Science, Electrical/Electronics Engineering, Engineering, or a related field.</li>
</ul>
<p><strong>Preferred Qualifications</strong></p>
<ul>
<li>Master's or Bachelor's degree in Electrical Engineering, VLSI, Embedded Systems, or a related field.</li>
<li>Expertise in verifying SoC with embedded RISC/DSP processors and communications/networking ASICs.</li>
<li>Proficiency in Verilog or VHDL, C/C++, Tcl/Perl/shell-scripting, with experience in RTL design or strong object-oriented programming skills.</li>
<li>Familiarity with wireless/wired communications and protocols, or graphics/video multimedia.</li>
<li>Knowledge of RF/Analog/Mixed Signal IC Design, including PLL, LNA, OpAmp, CMOS, ADC/DAC, Cadence, SpectreRF, or Layout.</li>
</ul>
<p><strong>Skills and Attributes</strong></p>
<ul>
<li>Strong analytical and problem-solving abilities.</li>
<li>Excellent team collaboration skills.</li>
<li>Effective verbal and written communication skills.</li>
<li>Ability to work independently and as part of a team.</li>
<li>Passion for technology and a desire to learn and grow.</li>
</ul>","<h2 id=""associate-engineer_sw-key-responsibilities"">Associate Engineer_SW - Key Responsibilities</h2>
<p>This role focuses on software verification and validation for Qualcomm's System-on-Chip (SoC) designs, particularly those incorporating RISC/DSP processors, communication/networking ASICs, and potentially graphics/video multimedia components. </p>
<p><strong>Software Verification &amp; Validation:</strong></p>
<ul>
<li><strong>Develop and execute test plans:</strong> Design comprehensive test suites to verify the functionality, performance, and reliability of SoC software. This involves identifying critical software modules, defining test cases, and establishing expected outcomes.</li>
<li><strong>Utilize simulation and emulation tools:</strong> Leverage industry-standard simulation and emulation platforms to execute test cases and analyze software behavior. This may involve using tools like ModelSim, QuestaSim, or Veloce.</li>
<li><strong>Debug and resolve software issues:</strong> Identify and troubleshoot software defects discovered during testing. This requires strong analytical skills, the ability to interpret test results, and proficiency in debugging tools.</li>
<li><strong>Collaborate with hardware engineers:</strong> Work closely with hardware engineers to ensure software compatibility and functionality with the underlying hardware architecture. This may involve reviewing hardware specifications, understanding hardware interfaces, and addressing potential integration issues.</li>
</ul>
<p><strong>Scripting &amp; Automation:</strong></p>
<ul>
<li><strong>Develop and maintain test automation scripts:</strong> Automate repetitive testing tasks using scripting languages like Tcl, Perl, or shell scripting. This improves test efficiency, reduces manual effort, and ensures consistent test execution.</li>
<li><strong>Implement test infrastructure:</strong> Contribute to the development and maintenance of the software verification infrastructure, including test environments, test data management, and reporting tools.</li>
</ul>
<p><strong>Technical Expertise:</strong></p>
<ul>
<li><strong>Stay abreast of industry trends:</strong> Continuously learn and adapt to new technologies and methodologies in software verification and validation. This may involve attending conferences, reading technical publications, and participating in online communities.</li>
<li><strong>Contribute to technical documentation:</strong>  Document test procedures, test results, and software issues encountered. This ensures knowledge sharing and facilitates future development efforts.</li>
</ul>","<h2 id=""about-qualcomm"">About Qualcomm</h2>
<p>Qualcomm is a global leader in wireless technology innovation.  As a pioneer in 5G, they are driving the development and deployment of next-generation mobile communication technologies, connecting billions of people and devices worldwide. </p>
<p><strong>Mission and Vision:</strong></p>
<p>Qualcomm's mission is to empower humanity through mobile innovation. They envision a world where everyone has access to the transformative power of wireless technology, fostering connectivity, innovation, and progress.</p>
<p><strong>Culture and Values:</strong></p>
<p>Qualcomm fosters a collaborative and inclusive culture that values diversity, innovation, and excellence. They empower their employees to think big, take risks, and make a meaningful impact on the world. </p>
<p><strong>Market Position and Growth Trajectory:</strong></p>
<p>Qualcomm holds a dominant position in the mobile chipset market, powering a vast majority of smartphones globally. They are expanding their reach into new markets, including automotive, IoT, and cloud computing, leveraging their expertise in wireless connectivity and artificial intelligence.  Qualcomm's commitment to research and development ensures they remain at the forefront of technological advancements, driving future growth and shaping the future of wireless communication. </p>","<h2 id=""qualcomm-associate-engineer_sw-hiring-workflow"">Qualcomm Associate Engineer_SW Hiring Workflow</h2>
<p>This multi-stage process aims to identify candidates with the technical expertise, problem-solving skills, and collaborative spirit required for the Associate Engineer_SW role at Qualcomm.</p>
<p><strong>1. Application Screening (1 week)</strong></p>
<ul>
<li><strong>What happens:</strong>  Resumes and cover letters are reviewed against minimum qualifications and required skills outlined in the job description. </li>
<li><strong>Who's involved:</strong> HR team and hiring manager.</li>
<li><strong>Duration:</strong> 1 week.</li>
<li><strong>Evaluation criteria:</strong>  Education, relevant experience, technical skills, and alignment with job requirements.</li>
<li><strong>Candidate expectations:</strong> Submit a well-structured resume and cover letter highlighting relevant experience and skills.</li>
</ul>
<p><strong>2. Phone Interview (1-2 weeks)</strong></p>
<ul>
<li><strong>What happens:</strong>  A 30-60 minute phone interview with an HR representative or hiring manager to assess communication skills, technical understanding, and cultural fit.</li>
<li><strong>Who's involved:</strong> HR representative or hiring manager.</li>
<li><strong>Duration:</strong> 30-60 minutes.</li>
<li><strong>Evaluation criteria:</strong>  Communication clarity, technical knowledge, problem-solving approach, and enthusiasm for the role.</li>
<li><strong>Candidate expectations:</strong> Prepare for behavioral questions and technical inquiries related to the job description.</li>
</ul>
<p><strong>3. Technical Assessment (1 week)</strong></p>
<ul>
<li><strong>What happens:</strong>  Candidates complete a technical assessment, potentially including coding challenges, logic puzzles, or design exercises, to evaluate their practical skills and problem-solving abilities.</li>
<li><strong>Who's involved:</strong> Hiring manager or technical team member.</li>
<li><strong>Duration:</strong> 1-2 hours.</li>
<li><strong>Evaluation criteria:</strong>  Coding proficiency, understanding of relevant technologies, and ability to apply knowledge to solve problems.</li>
<li><strong>Candidate expectations:</strong>  Demonstrate strong technical skills and problem-solving abilities within the given timeframe.</li>
</ul>
<p><strong>4. On-Site Interview (1-2 weeks)</strong></p>
<ul>
<li><strong>What happens:</strong>  Candidates participate in a series of interviews with multiple team members, including technical experts and potential managers, to assess their technical expertise, cultural fit, and potential for growth.</li>
<li><strong>Who's involved:</strong> Hiring manager, technical team members, and potentially other stakeholders.</li>
<li><strong>Duration:</strong> 4-6 hours.</li>
<li><strong>Evaluation criteria:</strong>  Technical depth, communication skills, teamwork, problem-solving approach, and alignment with company values.</li>
<li><strong>Candidate expectations:</strong>  Prepare for in-depth technical discussions, behavioral questions, and presentations.</li>
</ul>
<p><strong>5. Decision and Offer (1-2 weeks)</strong></p>
<ul>
<li><strong>What happens:</strong>  The hiring team reviews all candidate feedback and makes a final decision. A formal job offer is extended to the selected candidate.</li>
<li><strong>Who's involved:</strong> Hiring manager and HR team.</li>
<li><strong>Duration:</strong> 1-2 weeks.</li>
<li><strong>Evaluation criteria:</strong>  Overall fit, technical skills, experience, and potential.</li>
<li><strong>Candidate expectations:</strong>  Receive a formal job offer outlining compensation, benefits, and start date.</li>
</ul>",Qualcomm.png,2025-07-18T13:17:18+00:00
Sprinto,Fullstack Intern,https://jobs.lever.co/Sprinto/ca48c566-566c-496f-8fca-6c84248273b4,India,Bengaluru,Freshers,"<h2 id=""sprinto-fullstack-intern-qualifications-requirements"">Sprinto Fullstack Intern: Qualifications &amp; Requirements</h2>
<p>This section outlines the typical qualifications and requirements for a Fullstack Intern position at Sprinto. </p>
<p><strong>Technical Skills:</strong></p>
<ul>
<li>
<p><strong>Programming Languages:</strong> Proficiency in at least one backend language (e.g., Python, Java, Node.js) and one frontend language (e.g., JavaScript, React, Angular) is essential.  </p>
<ul>
<li><strong>Importance:</strong> Fullstack developers need to understand both the server-side logic and the client-side user interface. </li>
<li><strong>Application:</strong>  Interns will be involved in building and maintaining web applications, requiring knowledge of both backend and frontend technologies.</li>
<li><strong>Proficiency Level:</strong>  Solid understanding of syntax, data structures, and common programming paradigms.</li>
</ul>
</li>
<li>
<p><strong>Databases:</strong> Familiarity with relational databases (e.g., MySQL, PostgreSQL) and/or NoSQL databases (e.g., MongoDB) is crucial.</p>
<ul>
<li><strong>Importance:</strong>  Databases store and manage application data. Understanding how to interact with them is vital for building functional applications.</li>
<li><strong>Application:</strong> Interns may be tasked with designing database schemas, writing queries, and ensuring data integrity.</li>
<li><strong>Proficiency Level:</strong>  Ability to create basic queries, understand database concepts like normalization, and perform CRUD operations.</li>
</ul>
</li>
<li>
<p><strong>Version Control:</strong> Experience with Git and version control workflows is highly desirable.</p>
<ul>
<li><strong>Importance:</strong>  Version control allows for collaboration, tracking changes, and reverting to previous versions of code.</li>
<li><strong>Application:</strong> Interns will work on codebases alongside other developers, requiring effective use of Git for collaboration and code management.</li>
<li><strong>Proficiency Level:</strong>  Comfortable with basic Git commands (commit, push, pull, branch) and understanding of branching strategies.</li>
</ul>
</li>
</ul>
<p><strong>Soft Skills:</strong></p>
<ul>
<li><strong>Communication:</strong> Strong written and verbal communication skills are essential for collaborating with team members and stakeholders.<ul>
<li><strong>Importance:</strong>  Clear communication ensures everyone is on the same page and reduces misunderstandings.</li>
<li><strong>Application:</strong> Interns will participate in team meetings, code reviews, and discussions, requiring effective communication to convey ideas and ask questions.</li>
</ul>
</li>
<li><strong>Problem-Solving:</strong>  The ability to analyze problems, identify solutions, and implement them effectively is crucial.<ul>
<li><strong>Importance:</strong>  Software development involves constantly encountering and resolving challenges.</li>
<li><strong>Application:</strong> Interns will be presented with technical problems to solve, requiring critical thinking and analytical skills.</li>
</ul>
</li>
<li><strong>Teamwork:</strong>  A collaborative mindset and willingness to work effectively within a team are essential.<ul>
<li><strong>Importance:</strong>  Software development is a team effort, requiring individuals to contribute and support each other.</li>
<li><strong>Application:</strong> Interns will work alongside other developers, designers, and testers, requiring strong teamwork skills.</li>
</ul>
</li>
</ul>",2022 & 2023 CSE Graduates,INR 20K to 45K,"<h2 id=""fullstack-intern-at-sprinto"">Fullstack Intern at Sprinto</h2>
<p><strong>About Sprinto</strong></p>
<p>Sprinto is a dynamic and innovative company at the forefront of [Insert Industry]. We are dedicated to [Company Mission Statement]. Our team is composed of passionate individuals who thrive in a collaborative and fast-paced environment.</p>
<p><strong>Job Description</strong></p>
<p>Sprinto is seeking a highly motivated and results-oriented Fullstack Intern to join our growing team. This internship offers a unique opportunity to gain valuable experience in the full lifecycle of recruitment and contribute to the success of our company.</p>
<p><strong>Responsibilities</strong></p>
<ul>
<li><strong>Candidate Sourcing and Screening:</strong> Partner with Hiring Managers to understand their staffing needs and utilize various sourcing channels to identify and attract qualified candidates. Screen resumes and applications to ensure alignment with job requirements.</li>
<li><strong>Interview Coordination:</strong> Conduct initial phone screenings with potential candidates to assess their skills and experience. Schedule and coordinate interviews with Hiring Managers and other stakeholders.</li>
<li><strong>Interview Support:</strong> Assist with the preparation and execution of interview sessions, including gathering candidate information, managing logistics, and providing administrative support.</li>
<li><strong>HR Support:</strong> Contribute to various HR initiatives and projects, such as onboarding new hires, maintaining employee records, and assisting with employee engagement activities.</li>
</ul>
<p><strong>Requirements</strong></p>
<ul>
<li><strong>Exceptional Communication Skills:</strong>  Demonstrated ability to communicate effectively both verbally and in writing.</li>
<li><strong>Proficiency in English:</strong>  Excellent command of the English language, both written and spoken.</li>
<li><strong>Full-Time Availability:</strong>  Ability to dedicate full-time hours to the internship.</li>
<li><strong>Organizational Skills:</strong>  Strong organizational skills with the ability to manage multiple tasks and prioritize effectively.</li>
<li><strong>Dependability and Work Ethic:</strong>  Proven track record of being reliable, punctual, and dedicated to completing tasks on time.</li>
<li><strong>Goal-Oriented Mindset:</strong>  Driven and results-oriented with a strong desire to learn and contribute to the team's success.</li>
<li><strong>Adaptability and Resilience:</strong>  Ability to thrive in a fast-paced, dynamic environment and adapt to changing priorities.</li>
</ul>
<p><strong>Benefits</strong></p>
<ul>
<li><strong>Fully Remote Work:</strong>  Enjoy the flexibility of working remotely from anywhere.</li>
<li><strong>Competitive Stipend:</strong>  Receive a monthly stipend of 22K to support your living expenses.</li>
<li><strong>Letter of Recommendation:</strong>  Earn a letter of recommendation based on your performance and contributions to the company.</li>
</ul>","<h2 id=""fullstack-intern-key-responsibilities-at-sprinto"">Fullstack Intern - Key Responsibilities at Sprinto</h2>
<p>This section outlines the key duties and responsibilities expected of a Fullstack Intern at Sprinto. </p>
<p><strong>Recruitment Support</strong></p>
<ul>
<li><strong>Collaborate with Hiring Managers:</strong><ul>
<li>Actively engage with hiring managers to understand their specific needs for each open position.</li>
<li>Discuss ideal candidate profiles, required skills, and desired experience.</li>
<li>Provide regular updates on recruitment progress and address any concerns.</li>
</ul>
</li>
<li><strong>Candidate Sourcing and Screening:</strong><ul>
<li>Utilize various sourcing channels (e.g., job boards, social media, employee referrals) to identify potential candidates.</li>
<li>Review resumes and applications, assessing candidates' qualifications and experience against job requirements.</li>
<li>Conduct initial phone screenings to evaluate candidates' communication skills, technical abilities, and cultural fit.</li>
</ul>
</li>
<li><strong>Interview Coordination and Execution:</strong><ul>
<li>Schedule and coordinate interview sessions with hiring managers and candidates.</li>
<li>Prepare interview questions and ensure a smooth and professional interview experience.</li>
<li>Take detailed notes during interviews, capturing key insights and observations about each candidate.</li>
</ul>
</li>
</ul>
<p><strong>HR Administrative Support</strong></p>
<ul>
<li><strong>Assist with HR Activities:</strong><ul>
<li>Provide administrative support for various HR initiatives, such as onboarding new employees, processing payroll, and maintaining employee records.</li>
<li>Assist with the development and implementation of HR policies and procedures.</li>
<li>Contribute to the creation of engaging employee communications and events.</li>
</ul>
</li>
</ul>
<p><strong>Note:</strong> This list is not exhaustive and may be subject to change based on the specific needs of Sprinto. </p>","<h2 id=""about-sprinto"">About Sprinto</h2>
<p>Sprinto is a rapidly growing technology company specializing in building innovative and user-friendly web applications.  We are passionate about leveraging cutting-edge technologies to empower businesses and individuals with digital solutions that streamline processes, enhance productivity, and drive growth. </p>
<p><strong>Mission:</strong></p>
<p>Our mission is to simplify the complex world of technology by creating intuitive and accessible applications that empower our clients to achieve their goals. We believe in fostering a collaborative and inclusive environment where creativity thrives and innovation is celebrated.</p>
<p><strong>Culture:</strong></p>
<p>At Sprinto, we value teamwork, open communication, and a commitment to excellence. We believe in empowering our employees to take ownership of their work and contribute to our shared success. Our culture is built on a foundation of respect, trust, and a shared passion for technology.</p>
<p><strong>Market Position:</strong></p>
<p>Sprinto has established itself as a leading provider of web application development services, serving a diverse clientele across various industries. Our commitment to delivering high-quality solutions, coupled with our agile development methodologies, has earned us a reputation for reliability and innovation.</p>
<p><strong>Growth Trajectory:</strong></p>
<p>Sprinto is experiencing significant growth, driven by increasing demand for our services and a strong pipeline of new projects. We are constantly expanding our team of talented developers and designers to meet the evolving needs of our clients.  </p>
<p>We are excited about the future and our continued journey of innovation and growth. </p>","<h2 id=""sprinto-fullstack-intern-hiring-workflow"">Sprinto Fullstack Intern Hiring Workflow</h2>
<p>This multi-stage process aims to identify the best candidate for the Fullstack Intern position at Sprinto, ensuring a thorough evaluation of skills, experience, and cultural fit.</p>
<p><strong>1. Application Review (3 Business Days)</strong></p>
<ul>
<li><strong>What happens:</strong>  Candidates submit their resumes and cover letters through the Sprinto careers portal. The HR team reviews applications, screening for essential qualifications and experience outlined in the job description.</li>
<li><strong>Who's involved:</strong> HR team members.</li>
<li><strong>Duration:</strong> 3 business days.</li>
<li><strong>Evaluation criteria:</strong>  Resume completeness, relevant skills and experience, alignment with job requirements, and cover letter quality.</li>
<li><strong>Candidate expectations:</strong>  Submit a well-formatted resume and a compelling cover letter highlighting relevant skills and enthusiasm for the internship.</li>
</ul>
<p><strong>2. Phone Screening (1 Business Day)</strong></p>
<ul>
<li><strong>What happens:</strong> Shortlisted candidates are contacted for a brief phone interview to assess their communication skills, basic technical knowledge, and interest in the role.</li>
<li><strong>Who's involved:</strong> HR team member or designated recruiter.</li>
<li><strong>Duration:</strong> 30 minutes.</li>
<li><strong>Evaluation criteria:</strong>  Clear communication, enthusiasm, understanding of the role, and alignment with company culture.</li>
<li><strong>Candidate expectations:</strong>  Be prepared to discuss their background, motivations, and technical skills.</li>
</ul>
<p><strong>3. Technical Assessment (2 Business Days)</strong></p>
<ul>
<li><strong>What happens:</strong> Candidates complete a technical assessment designed to evaluate their coding abilities and problem-solving skills. This may involve coding challenges, debugging exercises, or a portfolio review.</li>
<li><strong>Who's involved:</strong>  Technical team member or designated recruiter.</li>
<li><strong>Duration:</strong> 2 business days (including submission and review time).</li>
<li><strong>Evaluation criteria:</strong>  Coding proficiency, problem-solving approach, attention to detail, and ability to apply technical knowledge.</li>
<li><strong>Candidate expectations:</strong>  Demonstrate strong coding skills and a logical approach to problem-solving.</li>
</ul>
<p><strong>4. Final Interview (1 Business Day)</strong></p>
<ul>
<li><strong>What happens:</strong> Top candidates are invited for a final interview with the hiring manager and potentially other team members. This interview focuses on assessing cultural fit, work style, and potential contributions to the team.</li>
<li><strong>Who's involved:</strong> Hiring manager, team members, and potentially an HR representative.</li>
<li><strong>Duration:</strong> 1 hour.</li>
<li><strong>Evaluation criteria:</strong>  Communication skills, teamwork, problem-solving abilities, cultural fit, and alignment with company values.</li>
<li><strong>Candidate expectations:</strong>  Be prepared to discuss their experience, career goals, and how they would contribute to Sprinto.</li>
</ul>
<p><strong>5. Decision and Offer (2 Business Days)</strong></p>
<ul>
<li><strong>What happens:</strong> The hiring team reviews all interview feedback and makes a final decision. The selected candidate receives a formal offer letter outlining the internship details, including compensation, start date, and responsibilities.</li>
<li><strong>Who's involved:</strong> Hiring manager and HR team.</li>
<li><strong>Duration:</strong> 2 business days.</li>
<li><strong>Evaluation criteria:</strong>  Overall candidate performance, alignment with job requirements, and cultural fit.</li>
<li><strong>Candidate expectations:</strong>  Respond to the offer promptly and negotiate terms if necessary.</li>
</ul>",Sprinto.png,2025-07-18T05:13:37+00:00
